-- Archivo creado - miércoles-mayo-29-2024

-- DDL para la tabla CARRITO
CREATE TABLE `CARRITO` (
  `ID_PRODUCTO` INT NOT NULL,
  `CANTIDAD` INT NOT NULL,
  `ID_USUARIO` INT NOT NULL,
  PRIMARY KEY (`ID_PRODUCTO`, `ID_USUARIO`)
) ENGINE=InnoDB DEFAULT CHARSET=utf8;

-- DDL para la tabla CATEGORIAS
CREATE TABLE `CATEGORIAS` (
  `IDCATEGORIAS` INT(10) NOT NULL AUTO_INCREMENT,
  `NOMBRE_CATEGORIA` VARCHAR(255) NOT NULL,
  PRIMARY KEY (`IDCATEGORIAS`)
) ENGINE=InnoDB DEFAULT CHARSET=utf8;

-- DDL para la tabla COMENTARIO
CREATE TABLE `COMENTARIO` (
  `IDCOMENTARIO` INT(10) NOT NULL AUTO_INCREMENT,
  `IDPRODUCTO` INT(10) NOT NULL,
  `IDUSUARIO` INT(10) NOT NULL,
  `COMENTARIO` VARCHAR(255) NOT NULL,
  `VALORACION` INT(10) NOT NULL,
  `FECHA` DATE NOT NULL,
  PRIMARY KEY (`IDCOMENTARIO`)
) ENGINE=InnoDB DEFAULT CHARSET=utf8;

-- DDL para la tabla DATOS_PRODUCTO
CREATE TABLE `DATOS_PRODUCTO` (
  `IDPRODUCTO` INT(10) NOT NULL AUTO_INCREMENT,
  `DATOS_USUARIO_IDUSUARIO` INT(10) NOT NULL,
  `CATEGORIAS_IDCATEGORIAS` INT(10) NOT NULL,
  `STOCK` INT(10) NOT NULL,
  `PRECIO` DECIMAL(10,2) NOT NULL,
  `DESCRIPCION` VARCHAR(255) NOT NULL,
  `NOMBRE` VARCHAR(255) NOT NULL,
  `PUBLICADO` CHAR(1) NOT NULL,
  PRIMARY KEY (`IDPRODUCTO`)
) ENGINE=InnoDB DEFAULT CHARSET=utf8;

-- DDL para la tabla DATOS_PRODUCTO_HAS_SURTIDO
CREATE TABLE `DATOS_PRODUCTO_HAS_SURTIDO` (
  `DATOS_PRODUCTO_IDPRODUCTO` INT(10) NOT NULL,
  `SURTIDO_IDSURTIDO` INT(10) NOT NULL,
  `CANTIDAD` INT(10) NOT NULL,
  PRIMARY KEY (`DATOS_PRODUCTO_IDPRODUCTO`, `SURTIDO_IDSURTIDO`)
) ENGINE=InnoDB DEFAULT CHARSET=utf8;

-- DDL para la tabla DATOS_USUARIO
CREATE TABLE `DATOS_USUARIO` (
  `IDUSUARIO` INT(10) NOT NULL AUTO_INCREMENT,
  `ESPECIALIDADES_IDESPECIALIDAD` INT(10) NOT NULL,
  `ROL_IDROL` INT(10) NOT NULL,
  `NOMBRE_USUARIO` VARCHAR(255) NOT NULL,
  `NOMBRE_TIENDA` VARCHAR(255) NOT NULL,
  `FECHA_NACIMIENTO` DATE NOT NULL,
  `CORREO` VARCHAR(255) NOT NULL,
  `CONTRASENA` VARCHAR(255) NOT NULL,
  `TELEFONO` VARCHAR(12) NOT NULL,
  PRIMARY KEY (`IDUSUARIO`)
) ENGINE=InnoDB DEFAULT CHARSET=utf8;

-- DDL para la tabla DETALLE_PEDIDO
CREATE TABLE `DETALLE_PEDIDO` (
  `PEDIDO_IDPEDIDO` INT(10) NOT NULL,
  `DATOS_PRODUCTO_IDPRODUCTO` INT(10) NOT NULL,
  `CANTIDAD` INT(10) NOT NULL,
  `IMPORTE` DECIMAL(10,2) NOT NULL,
  PRIMARY KEY (`PEDIDO_IDPEDIDO`, `DATOS_PRODUCTO_IDPRODUCTO`)
) ENGINE=InnoDB DEFAULT CHARSET=utf8;

-- DDL para la tabla ESPECIALIDADES
CREATE TABLE `ESPECIALIDADES` (
  `IDESPECIALIDAD` INT(10) NOT NULL AUTO_INCREMENT,
  `NOMBREESPECIALIDAD` VARCHAR(255) NOT NULL,
  PRIMARY KEY (`IDESPECIALIDAD`)
) ENGINE=InnoDB DEFAULT CHARSET=utf8;

-- DDL para la tabla IMAGEN
CREATE TABLE `IMAGEN` (
  `ID` INT(10) NOT NULL AUTO_INCREMENT,
  `IMAGEN` LONGBLOB NOT NULL,
  PRIMARY KEY (`ID`)
) ENGINE=InnoDB DEFAULT CHARSET=utf8;

-- DDL para la tabla PEDIDO
CREATE TABLE `PEDIDO` (
  `IDPEDIDO` INT(10) NOT NULL AUTO_INCREMENT,
  `IDUSUARIOVENDEDOR` INT(10) NOT NULL,
  `IDUSUARIOCLIENTE` INT(10) NOT NULL,
  `FECHA` DATE NOT NULL,
  `TOTALPRECIO` DECIMAL(10,2) NOT NULL,
  `ESTADO` INT(10) NOT NULL,
  `TOTALPRODUCTOS` INT(10) NOT NULL,
  PRIMARY KEY (`IDPEDIDO`)
) ENGINE=InnoDB DEFAULT CHARSET=utf8;

-- DDL para la tabla PRODUCTS_IMG
CREATE TABLE `PRODUCTS_IMG` (
  `ID` INT(10) NOT NULL AUTO_INCREMENT,
  `FOTO` LONGBLOB,
  `RUTA_PRODUCTO` VARCHAR(200) NOT NULL,
  PRIMARY KEY (`ID`)
) ENGINE=InnoDB DEFAULT CHARSET=utf8;

-- DDL para la tabla ROL
CREATE TABLE `ROL` (
  `IDROL` INT(10) NOT NULL AUTO_INCREMENT,
  `NOMBREROL` VARCHAR(255) NOT NULL,
  `ESTADO` CHAR(1) NOT NULL,
  PRIMARY KEY (`IDROL`)
) ENGINE=InnoDB DEFAULT CHARSET=utf8;

-- DDL para la tabla SURTIDO
CREATE TABLE `SURTIDO` (
  `IDSURTIDO` INT(10) NOT NULL AUTO_INCREMENT,
  `DATOS_USUARIO_IDUSUARIO` INT(10) NOT NULL,
  `FECHA` DATE NOT NULL,
  PRIMARY KEY (`IDSURTIDO`)
) ENGINE=InnoDB DEFAULT CHARSET=utf8;

-- DDL para la tabla USUARIOS_IMG
CREATE TABLE `USUARIOS_IMG` (
  `ID` INT(10) NOT NULL AUTO_INCREMENT,
  `FOTO` LONGBLOB,
  `RUTA_USUARIO` VARCHAR(200) NOT NULL,
  PRIMARY KEY (`ID`)
) ENGINE=InnoDB DEFAULT CHARSET=utf8;

SET DEFINE OFF;
Insert into CARRITO (ID_PRODUCTO,CANTIDAD,ID_USUARIO) values (7,3,9);
Insert into CARRITO (ID_PRODUCTO,CANTIDAD,ID_USUARIO) values (5,6,9);
Insert into CARRITO (ID_PRODUCTO,CANTIDAD,ID_USUARIO) values (2,2,9);
Insert into CARRITO (ID_PRODUCTO,CANTIDAD,ID_USUARIO) values (1,2,5);
Insert into CARRITO (ID_PRODUCTO,CANTIDAD,ID_USUARIO) values (7,2,5);
REM INSERTING into CATEGORIAS
SET DEFINE OFF;
Insert into CATEGORIAS (IDCATEGORIAS,NOMBRE_CATEGORIA) values (1,'COMIDA');
Insert into CATEGORIAS (IDCATEGORIAS,NOMBRE_CATEGORIA) values (2,'PRODUCTOS');
Insert into CATEGORIAS (IDCATEGORIAS,NOMBRE_CATEGORIA) values (4,'SERVICIOS');
REM INSERTING into COMENTARIO
SET DEFINE OFF;
Insert into COMENTARIO (IDCOMENTARIO,IDPRODUCTO,IDUSUARIO,COMENTARIO,VALORACION,FECHA) values (2,10,20,'Me gusto el de chocolate',5,to_date('03/05/24','DD/MM/RR'));
Insert into COMENTARIO (IDCOMENTARIO,IDPRODUCTO,IDUSUARIO,COMENTARIO,VALORACION,FECHA) values (1,7,20,'MUY RICAS',4,to_date('20/05/24','DD/MM/RR'));
Insert into COMENTARIO (IDCOMENTARIO,IDPRODUCTO,IDUSUARIO,COMENTARIO,VALORACION,FECHA) values (4,10,20,'MUY CARO',1,to_date('20/05/24','DD/MM/RR'));
Insert into COMENTARIO (IDCOMENTARIO,IDPRODUCTO,IDUSUARIO,COMENTARIO,VALORACION,FECHA) values (5,10,20,'Pastel muy rico, ojala el vendedor incluyera opciones de cafe',4,to_date('21/05/24','DD/MM/RR'));
Insert into COMENTARIO (IDCOMENTARIO,IDPRODUCTO,IDUSUARIO,COMENTARIO,VALORACION,FECHA) values (6,10,20,'gbfxbsfvsz',4,to_date('23/05/24','DD/MM/RR'));
Insert into COMENTARIO (IDCOMENTARIO,IDPRODUCTO,IDUSUARIO,COMENTARIO,VALORACION,FECHA) values (7,2,20,'Excelente servicio',5,to_date('23/05/24','DD/MM/RR'));
Insert into COMENTARIO (IDCOMENTARIO,IDPRODUCTO,IDUSUARIO,COMENTARIO,VALORACION,FECHA) values (8,2,20,'Buenas llaves',5,to_date('23/05/24','DD/MM/RR'));
REM INSERTING into DATOS_PRODUCTO
SET DEFINE OFF;
Insert into DATOS_PRODUCTO (IDPRODUCTO,DATOS_USUARIO_IDUSUARIO,CATEGORIAS_IDCATEGORIAS,STOCK,PRECIO,DESCRIPCION,NOMBRE,PUBLICADO) values (1,5,1,24,20,'Galletas ricas','Galletas','1');
Insert into DATOS_PRODUCTO (IDPRODUCTO,DATOS_USUARIO_IDUSUARIO,CATEGORIAS_IDCATEGORIAS,STOCK,PRECIO,DESCRIPCION,NOMBRE,PUBLICADO) values (4,5,2,15,50,'Versatil','Trapeadora','1');
Insert into DATOS_PRODUCTO (IDPRODUCTO,DATOS_USUARIO_IDUSUARIO,CATEGORIAS_IDCATEGORIAS,STOCK,PRECIO,DESCRIPCION,NOMBRE,PUBLICADO) values (2,5,2,15,32,'llaves varias','llaves','1');
Insert into DATOS_PRODUCTO (IDPRODUCTO,DATOS_USUARIO_IDUSUARIO,CATEGORIAS_IDCATEGORIAS,STOCK,PRECIO,DESCRIPCION,NOMBRE,PUBLICADO) values (5,5,2,19,100,'sadad','Caja de electronicos','1');
Insert into DATOS_PRODUCTO (IDPRODUCTO,DATOS_USUARIO_IDUSUARIO,CATEGORIAS_IDCATEGORIAS,STOCK,PRECIO,DESCRIPCION,NOMBRE,PUBLICADO) values (10,5,1,24,30,'Pastel
','Pastel','1');
Insert into DATOS_PRODUCTO (IDPRODUCTO,DATOS_USUARIO_IDUSUARIO,CATEGORIAS_IDCATEGORIAS,STOCK,PRECIO,DESCRIPCION,NOMBRE,PUBLICADO) values (7,5,1,13,20,'Paletas variadas','Paletas','1');
Insert into DATOS_PRODUCTO (IDPRODUCTO,DATOS_USUARIO_IDUSUARIO,CATEGORIAS_IDCATEGORIAS,STOCK,PRECIO,DESCRIPCION,NOMBRE,PUBLICADO) values (11,31,1,3,20,'Donas ricas','Donas2','1');
Insert into DATOS_PRODUCTO (IDPRODUCTO,DATOS_USUARIO_IDUSUARIO,CATEGORIAS_IDCATEGORIAS,STOCK,PRECIO,DESCRIPCION,NOMBRE,PUBLICADO) values (3,5,1,12,30,'Brownies de chocolate','Brownie','1');
Insert into DATOS_PRODUCTO (IDPRODUCTO,DATOS_USUARIO_IDUSUARIO,CATEGORIAS_IDCATEGORIAS,STOCK,PRECIO,DESCRIPCION,NOMBRE,PUBLICADO) values (12,31,1,0,20,'papitaaas','Papitas','1');
Insert into DATOS_PRODUCTO (IDPRODUCTO,DATOS_USUARIO_IDUSUARIO,CATEGORIAS_IDCATEGORIAS,STOCK,PRECIO,DESCRIPCION,NOMBRE,PUBLICADO) values (15,5,2,0,12736723,'jjirwejfa','sadjndsn','2');
Insert into DATOS_PRODUCTO (IDPRODUCTO,DATOS_USUARIO_IDUSUARIO,CATEGORIAS_IDCATEGORIAS,STOCK,PRECIO,DESCRIPCION,NOMBRE,PUBLICADO) values (14,5,1,0,22,'dasdsad','dsadas','2');
REM INSERTING into DATOS_PRODUCTO_HAS_SURTIDO
SET DEFINE OFF;
Insert into DATOS_PRODUCTO_HAS_SURTIDO (DATOS_PRODUCTO_IDPRODUCTO,SURTIDO_IDSURTIDO,CANTIDAD) values (7,1,2);
Insert into DATOS_PRODUCTO_HAS_SURTIDO (DATOS_PRODUCTO_IDPRODUCTO,SURTIDO_IDSURTIDO,CANTIDAD) values (5,2,10);
Insert into DATOS_PRODUCTO_HAS_SURTIDO (DATOS_PRODUCTO_IDPRODUCTO,SURTIDO_IDSURTIDO,CANTIDAD) values (4,3,4);
Insert into DATOS_PRODUCTO_HAS_SURTIDO (DATOS_PRODUCTO_IDPRODUCTO,SURTIDO_IDSURTIDO,CANTIDAD) values (7,4,2);
Insert into DATOS_PRODUCTO_HAS_SURTIDO (DATOS_PRODUCTO_IDPRODUCTO,SURTIDO_IDSURTIDO,CANTIDAD) values (2,5,3);
Insert into DATOS_PRODUCTO_HAS_SURTIDO (DATOS_PRODUCTO_IDPRODUCTO,SURTIDO_IDSURTIDO,CANTIDAD) values (7,6,2);
Insert into DATOS_PRODUCTO_HAS_SURTIDO (DATOS_PRODUCTO_IDPRODUCTO,SURTIDO_IDSURTIDO,CANTIDAD) values (1,7,30);
Insert into DATOS_PRODUCTO_HAS_SURTIDO (DATOS_PRODUCTO_IDPRODUCTO,SURTIDO_IDSURTIDO,CANTIDAD) values (3,32,4);
Insert into DATOS_PRODUCTO_HAS_SURTIDO (DATOS_PRODUCTO_IDPRODUCTO,SURTIDO_IDSURTIDO,CANTIDAD) values (10,9,4);
Insert into DATOS_PRODUCTO_HAS_SURTIDO (DATOS_PRODUCTO_IDPRODUCTO,SURTIDO_IDSURTIDO,CANTIDAD) values (4,10,3);
Insert into DATOS_PRODUCTO_HAS_SURTIDO (DATOS_PRODUCTO_IDPRODUCTO,SURTIDO_IDSURTIDO,CANTIDAD) values (4,11,7);
Insert into DATOS_PRODUCTO_HAS_SURTIDO (DATOS_PRODUCTO_IDPRODUCTO,SURTIDO_IDSURTIDO,CANTIDAD) values (5,12,0);
Insert into DATOS_PRODUCTO_HAS_SURTIDO (DATOS_PRODUCTO_IDPRODUCTO,SURTIDO_IDSURTIDO,CANTIDAD) values (10,21,2);
Insert into DATOS_PRODUCTO_HAS_SURTIDO (DATOS_PRODUCTO_IDPRODUCTO,SURTIDO_IDSURTIDO,CANTIDAD) values (10,22,1);
Insert into DATOS_PRODUCTO_HAS_SURTIDO (DATOS_PRODUCTO_IDPRODUCTO,SURTIDO_IDSURTIDO,CANTIDAD) values (2,23,5);
Insert into DATOS_PRODUCTO_HAS_SURTIDO (DATOS_PRODUCTO_IDPRODUCTO,SURTIDO_IDSURTIDO,CANTIDAD) values (10,26,2);
Insert into DATOS_PRODUCTO_HAS_SURTIDO (DATOS_PRODUCTO_IDPRODUCTO,SURTIDO_IDSURTIDO,CANTIDAD) values (10,27,2);
Insert into DATOS_PRODUCTO_HAS_SURTIDO (DATOS_PRODUCTO_IDPRODUCTO,SURTIDO_IDSURTIDO,CANTIDAD) values (10,28,2);
Insert into DATOS_PRODUCTO_HAS_SURTIDO (DATOS_PRODUCTO_IDPRODUCTO,SURTIDO_IDSURTIDO,CANTIDAD) values (7,28,1);
Insert into DATOS_PRODUCTO_HAS_SURTIDO (DATOS_PRODUCTO_IDPRODUCTO,SURTIDO_IDSURTIDO,CANTIDAD) values (5,28,1);
Insert into DATOS_PRODUCTO_HAS_SURTIDO (DATOS_PRODUCTO_IDPRODUCTO,SURTIDO_IDSURTIDO,CANTIDAD) values (4,28,1);
Insert into DATOS_PRODUCTO_HAS_SURTIDO (DATOS_PRODUCTO_IDPRODUCTO,SURTIDO_IDSURTIDO,CANTIDAD) values (3,28,1);
Insert into DATOS_PRODUCTO_HAS_SURTIDO (DATOS_PRODUCTO_IDPRODUCTO,SURTIDO_IDSURTIDO,CANTIDAD) values (1,28,4);
Insert into DATOS_PRODUCTO_HAS_SURTIDO (DATOS_PRODUCTO_IDPRODUCTO,SURTIDO_IDSURTIDO,CANTIDAD) values (10,29,2);
Insert into DATOS_PRODUCTO_HAS_SURTIDO (DATOS_PRODUCTO_IDPRODUCTO,SURTIDO_IDSURTIDO,CANTIDAD) values (10,30,2);
Insert into DATOS_PRODUCTO_HAS_SURTIDO (DATOS_PRODUCTO_IDPRODUCTO,SURTIDO_IDSURTIDO,CANTIDAD) values (7,30,5);
Insert into DATOS_PRODUCTO_HAS_SURTIDO (DATOS_PRODUCTO_IDPRODUCTO,SURTIDO_IDSURTIDO,CANTIDAD) values (5,30,4);
Insert into DATOS_PRODUCTO_HAS_SURTIDO (DATOS_PRODUCTO_IDPRODUCTO,SURTIDO_IDSURTIDO,CANTIDAD) values (3,30,14);
Insert into DATOS_PRODUCTO_HAS_SURTIDO (DATOS_PRODUCTO_IDPRODUCTO,SURTIDO_IDSURTIDO,CANTIDAD) values (2,30,4);
Insert into DATOS_PRODUCTO_HAS_SURTIDO (DATOS_PRODUCTO_IDPRODUCTO,SURTIDO_IDSURTIDO,CANTIDAD) values (1,30,1);
Insert into DATOS_PRODUCTO_HAS_SURTIDO (DATOS_PRODUCTO_IDPRODUCTO,SURTIDO_IDSURTIDO,CANTIDAD) values (11,31,3);
Insert into DATOS_PRODUCTO_HAS_SURTIDO (DATOS_PRODUCTO_IDPRODUCTO,SURTIDO_IDSURTIDO,CANTIDAD) values (10,32,4);
Insert into DATOS_PRODUCTO_HAS_SURTIDO (DATOS_PRODUCTO_IDPRODUCTO,SURTIDO_IDSURTIDO,CANTIDAD) values (10,34,5);
Insert into DATOS_PRODUCTO_HAS_SURTIDO (DATOS_PRODUCTO_IDPRODUCTO,SURTIDO_IDSURTIDO,CANTIDAD) values (5,34,3);
Insert into DATOS_PRODUCTO_HAS_SURTIDO (DATOS_PRODUCTO_IDPRODUCTO,SURTIDO_IDSURTIDO,CANTIDAD) values (10,33,5);
Insert into DATOS_PRODUCTO_HAS_SURTIDO (DATOS_PRODUCTO_IDPRODUCTO,SURTIDO_IDSURTIDO,CANTIDAD) values (5,33,4);
REM INSERTING into DATOS_USUARIO
SET DEFINE OFF;
Insert into DATOS_USUARIO (IDUSUARIO,ESPECIALIDADES_IDESPECIALIDAD,ROL_IDROL,NOMBRE_USUARIO,NOMBRE_TIENDA,FECHA_NACIMIENTO,CORREO,CONTRASENA,TELEFONO) values (5,1,2,'Vendedor','Tienda pardos',to_date('17/05/24','DD/MM/RR'),'vendedor@gmail.com','$2y$10$m1fE8WG1UXbF9CMPL.4caOsvL2PUDtN5mbnDbO5ibGixn/vvdVQRK',8441234567);
Insert into DATOS_USUARIO (IDUSUARIO,ESPECIALIDADES_IDESPECIALIDAD,ROL_IDROL,NOMBRE_USUARIO,NOMBRE_TIENDA,FECHA_NACIMIENTO,CORREO,CONTRASENA,TELEFONO) values (22,1,2,'prueba2','Nombre por defecto',to_date('08/05/24','DD/MM/RR'),'prueba2@gmail.com','$2y$10$fSZrgRhgP80iHPmNXcKRtO9J.Wp8WFT9gWLEq2rhfQtNHbikR1bjm',8445065889);
Insert into DATOS_USUARIO (IDUSUARIO,ESPECIALIDADES_IDESPECIALIDAD,ROL_IDROL,NOMBRE_USUARIO,NOMBRE_TIENDA,FECHA_NACIMIENTO,CORREO,CONTRASENA,TELEFONO) values (10,2,1,'otro',null,to_date('02/05/24','DD/MM/RR'),'otro@gmail.com','$2y$10$v/zRZK08Kj3f/R3vaeDWpe47qtgboCcZIRGd3ZsiqxyWZfowFHIMm',null);
Insert into DATOS_USUARIO (IDUSUARIO,ESPECIALIDADES_IDESPECIALIDAD,ROL_IDROL,NOMBRE_USUARIO,NOMBRE_TIENDA,FECHA_NACIMIENTO,CORREO,CONTRASENA,TELEFONO) values (32,1,2,'ksadkamsdj','Nombre por defectdsssssssssd',to_date('17/05/24','DD/MM/RR'),'adsdq@gmail.com','$2y$10$PaSu5akErAyARDBcx9h7vOLy53S1G7zCqttbFRqJBcdp70tCw.S5u',83242);
Insert into DATOS_USUARIO (IDUSUARIO,ESPECIALIDADES_IDESPECIALIDAD,ROL_IDROL,NOMBRE_USUARIO,NOMBRE_TIENDA,FECHA_NACIMIENTO,CORREO,CONTRASENA,TELEFONO) values (9,1,1,'pepe',null,to_date('01/02/22','DD/MM/RR'),'pepe@gmail.com','$2y$10$OdhM.2Z.iUmHFF5Gj/QgEeJlvjV1Q/Di1/PSGn/l.xFVauU9qaYmG',null);
Insert into DATOS_USUARIO (IDUSUARIO,ESPECIALIDADES_IDESPECIALIDAD,ROL_IDROL,NOMBRE_USUARIO,NOMBRE_TIENDA,FECHA_NACIMIENTO,CORREO,CONTRASENA,TELEFONO) values (2,1,1,'X',null,to_date('01/02/21','DD/MM/RR'),'pepe2@gmail.com','$2y$10$y68eBXllG1DhOxhkAWWB7OQ5l5RC1vQUDhWePW/RoJPwWlXXnoLDa',null);
Insert into DATOS_USUARIO (IDUSUARIO,ESPECIALIDADES_IDESPECIALIDAD,ROL_IDROL,NOMBRE_USUARIO,NOMBRE_TIENDA,FECHA_NACIMIENTO,CORREO,CONTRASENA,TELEFONO) values (7,1,2,'carlos','Tiendita',to_date('02/12/02','DD/MM/RR'),'carlos@gmail.com','$2y$10$9JnrZCXnW88NMoQ2eAMwT.BFXKBKoRRNarcY53PAujp/owsLbSvXy',null);
Insert into DATOS_USUARIO (IDUSUARIO,ESPECIALIDADES_IDESPECIALIDAD,ROL_IDROL,NOMBRE_USUARIO,NOMBRE_TIENDA,FECHA_NACIMIENTO,CORREO,CONTRASENA,TELEFONO) values (8,1,1,'tester',null,to_date('02/12/02','DD/MM/RR'),'tester@gmail.com','$2y$10$XuC6jaWg28jNyDYahe/zte5NzAPnGlTd3qXZYhlw2S6FRmDliMpvO',null);
Insert into DATOS_USUARIO (IDUSUARIO,ESPECIALIDADES_IDESPECIALIDAD,ROL_IDROL,NOMBRE_USUARIO,NOMBRE_TIENDA,FECHA_NACIMIENTO,CORREO,CONTRASENA,TELEFONO) values (23,1,2,'vendedor2','Nombre por defecto',to_date('01/05/24','DD/MM/RR'),'vendedor2@gmail.com','$2y$10$Q/9KDaNreDWrsgc3VnCd5esV2IJK46dNbHmT8sxNYO/Ti6jXSDHpK',8443110397);
Insert into DATOS_USUARIO (IDUSUARIO,ESPECIALIDADES_IDESPECIALIDAD,ROL_IDROL,NOMBRE_USUARIO,NOMBRE_TIENDA,FECHA_NACIMIENTO,CORREO,CONTRASENA,TELEFONO) values (1,1,3,'ADMIN',null,to_date('02/05/24','DD/MM/RR'),'admin@gmail.com','$2y$10$GN0P4xf2RMxK2K/YceMZt.2rQ6QJ0j4dcsMFRgNv58AJAePkj24re',null);
Insert into DATOS_USUARIO (IDUSUARIO,ESPECIALIDADES_IDESPECIALIDAD,ROL_IDROL,NOMBRE_USUARIO,NOMBRE_TIENDA,FECHA_NACIMIENTO,CORREO,CONTRASENA,TELEFONO) values (13,1,1,'IMAGEN',null,to_date('02/05/24','DD/MM/RR'),'imagen@gmail.com','$2y$10$SQMqgRjd8k9TL3csboBnK.9cNlNV.luoSlgYhOekF85RW3yo6mPc2',null);
Insert into DATOS_USUARIO (IDUSUARIO,ESPECIALIDADES_IDESPECIALIDAD,ROL_IDROL,NOMBRE_USUARIO,NOMBRE_TIENDA,FECHA_NACIMIENTO,CORREO,CONTRASENA,TELEFONO) values (14,1,2,'miercoles','Florecitas',to_date('10/05/24','DD/MM/RR'),'miercoles@gmail.com','$2y$10$Esm9WPu6CmGT6M0ktMb9r.exFeAtfT2HImGGCgSFIo.NR.pPj8zuq',null);
Insert into DATOS_USUARIO (IDUSUARIO,ESPECIALIDADES_IDESPECIALIDAD,ROL_IDROL,NOMBRE_USUARIO,NOMBRE_TIENDA,FECHA_NACIMIENTO,CORREO,CONTRASENA,TELEFONO) values (3,1,1,'Pedro',null,to_date('08/05/24','DD/MM/RR'),'pedro@gmail.com','$2y$10$fWA/39vGG2hPMhx3F/cMwuF2W9u26doX141CyTj3WmY8wJTpr4KZC',null);
Insert into DATOS_USUARIO (IDUSUARIO,ESPECIALIDADES_IDESPECIALIDAD,ROL_IDROL,NOMBRE_USUARIO,NOMBRE_TIENDA,FECHA_NACIMIENTO,CORREO,CONTRASENA,TELEFONO) values (15,1,1,'Perla',null,to_date('02/05/24','DD/MM/RR'),'perla@gmail.com','$2y$10$8P/.sasKFELBTHGUk47FJOa2uhlcb7j0bpStrfDX0c3VaGjcDxGv2',null);
Insert into DATOS_USUARIO (IDUSUARIO,ESPECIALIDADES_IDESPECIALIDAD,ROL_IDROL,NOMBRE_USUARIO,NOMBRE_TIENDA,FECHA_NACIMIENTO,CORREO,CONTRASENA,TELEFONO) values (33,3,1,'pruebaaas',null,to_date('16/05/24','DD/MM/RR'),'prueba27@gmail.com','$2y$10$XJj0P03zrPUC4wwYzYk5..2DEo2KWXgaHd7zSPYjauWnrCcBwZTfq',null);
Insert into DATOS_USUARIO (IDUSUARIO,ESPECIALIDADES_IDESPECIALIDAD,ROL_IDROL,NOMBRE_USUARIO,NOMBRE_TIENDA,FECHA_NACIMIENTO,CORREO,CONTRASENA,TELEFONO) values (17,1,1,'miercolito',null,to_date('01/05/24','DD/MM/RR'),'miercolito@gmail.com','$2y$10$JEWGV/pXozhMz/dOspn6pune0ng2Vw7cb0YNACGvr5XcN7Xw4a.Ga',null);
Insert into DATOS_USUARIO (IDUSUARIO,ESPECIALIDADES_IDESPECIALIDAD,ROL_IDROL,NOMBRE_USUARIO,NOMBRE_TIENDA,FECHA_NACIMIENTO,CORREO,CONTRASENA,TELEFONO) values (19,2,1,'nuevo1',null,to_date('24/05/02','DD/MM/RR'),'nuevo1@gmail.com','$2y$10$yEUfMyxLNWf0FSKTH2eubOF3Za3LL2l/uvdlbcIW4ue7IQPiY0/Be',null);
Insert into DATOS_USUARIO (IDUSUARIO,ESPECIALIDADES_IDESPECIALIDAD,ROL_IDROL,NOMBRE_USUARIO,NOMBRE_TIENDA,FECHA_NACIMIENTO,CORREO,CONTRASENA,TELEFONO) values (12,1,1,'SDAD',null,to_date('10/05/24','DD/MM/RR'),'ASD@GMA','$2y$10$FZUheqA9zF1fEdsskn3DmOkyVMmqgfGzu7UqyyuXuBTvLr3b1akD.',null);
Insert into DATOS_USUARIO (IDUSUARIO,ESPECIALIDADES_IDESPECIALIDAD,ROL_IDROL,NOMBRE_USUARIO,NOMBRE_TIENDA,FECHA_NACIMIENTO,CORREO,CONTRASENA,TELEFONO) values (20,2,1,'Cliente',null,to_date('09/05/24','DD/MM/RR'),'cliente@gmail.com','$2y$10$Mt2EXYTKbaDwmGFM7ex97uiMOZnF9NzKBnJDEPqHBZAVNAjHJ60iq',null);
Insert into DATOS_USUARIO (IDUSUARIO,ESPECIALIDADES_IDESPECIALIDAD,ROL_IDROL,NOMBRE_USUARIO,NOMBRE_TIENDA,FECHA_NACIMIENTO,CORREO,CONTRASENA,TELEFONO) values (21,1,2,'Prueba','Nombre',to_date('03/05/24','DD/MM/RR'),'prueba@gmail.com','$2y$10$nYmDrYRa3kdBGJGsP7GLbeA9EzS8qgKAxBWUZv7D4wmh6m42Uc3FW',8443110397);
Insert into DATOS_USUARIO (IDUSUARIO,ESPECIALIDADES_IDESPECIALIDAD,ROL_IDROL,NOMBRE_USUARIO,NOMBRE_TIENDA,FECHA_NACIMIENTO,CORREO,CONTRASENA,TELEFONO) values (24,2,2,'Hito3','Hito3',to_date('09/05/24','DD/MM/RR'),'hito3@gmail.com','$2y$10$k1cMPvWfAOl7r2zH5XQPmuryugevkA7FgQH67l3S9hhm2229EiHzC',8441234567);
Insert into DATOS_USUARIO (IDUSUARIO,ESPECIALIDADES_IDESPECIALIDAD,ROL_IDROL,NOMBRE_USUARIO,NOMBRE_TIENDA,FECHA_NACIMIENTO,CORREO,CONTRASENA,TELEFONO) values (25,1,1,'Caro',null,to_date('09/05/24','DD/MM/RR'),'caro2@gmail.com','$2y$10$T0N/uC5wZekEZQ4XZiyjwOIB7DxyeuNA9wizgrKD6bAcjPNadoyAO',null);
Insert into DATOS_USUARIO (IDUSUARIO,ESPECIALIDADES_IDESPECIALIDAD,ROL_IDROL,NOMBRE_USUARIO,NOMBRE_TIENDA,FECHA_NACIMIENTO,CORREO,CONTRASENA,TELEFONO) values (26,1,1,'Caro',null,to_date('09/05/24','DD/MM/RR'),'caro3@gmail.com','$2y$10$8173Xh0cYezdQZBBjp4aQubmDAb7npPVIbA0Auc5KP4FcQiz3zpDa',null);
Insert into DATOS_USUARIO (IDUSUARIO,ESPECIALIDADES_IDESPECIALIDAD,ROL_IDROL,NOMBRE_USUARIO,NOMBRE_TIENDA,FECHA_NACIMIENTO,CORREO,CONTRASENA,TELEFONO) values (27,1,1,'dasdasd',null,to_date('10/05/24','DD/MM/RR'),'adsas@dasd.com','$2y$10$ATysGAqBo6IS2m.lz/..2e3sm0BQnMYyhjdHiUJwtmMaINSyBbI7S',null);
Insert into DATOS_USUARIO (IDUSUARIO,ESPECIALIDADES_IDESPECIALIDAD,ROL_IDROL,NOMBRE_USUARIO,NOMBRE_TIENDA,FECHA_NACIMIENTO,CORREO,CONTRASENA,TELEFONO) values (28,1,1,'Perla Nieto',null,to_date('27/12/04','DD/MM/RR'),'PerlaNieto@gmial.com','$2y$10$Tsh5DE4XetBjovrizMITHO0Riem3pDgMHzyUM173kIvK/hpyFhFAa',null);
Insert into DATOS_USUARIO (IDUSUARIO,ESPECIALIDADES_IDESPECIALIDAD,ROL_IDROL,NOMBRE_USUARIO,NOMBRE_TIENDA,FECHA_NACIMIENTO,CORREO,CONTRASENA,TELEFONO) values (29,1,1,'Perla Solis',null,to_date('05/02/02','DD/MM/RR'),'PerlaNieto1@gmail.com','$2y$10$s.Q.Rv2T3QnxDd.u8Y0wJ.D9y.HVb12ZZqNqRZY8ayJdteJH7ow4e',null);
Insert into DATOS_USUARIO (IDUSUARIO,ESPECIALIDADES_IDESPECIALIDAD,ROL_IDROL,NOMBRE_USUARIO,NOMBRE_TIENDA,FECHA_NACIMIENTO,CORREO,CONTRASENA,TELEFONO) values (30,1,1,'Perla Solis',null,to_date('15/02/06','DD/MM/RR'),'PerlaNieto2@gmail.com','$2y$10$6ZIZ1vTG65wjrhUmDguB0utyjpiXT2sR9dWWNXIos2TRLQ/NYoN.C',null);
Insert into DATOS_USUARIO (IDUSUARIO,ESPECIALIDADES_IDESPECIALIDAD,ROL_IDROL,NOMBRE_USUARIO,NOMBRE_TIENDA,FECHA_NACIMIENTO,CORREO,CONTRASENA,TELEFONO) values (31,1,2,'Carolina','Tienda de Caro',to_date('28/05/03','DD/MM/RR'),'caro@gmail.com','$2y$10$uACDySZ7zyAUIFfT699oN.T1LeUlc/3Lq7k1X8d4.2SmYMzEhzbQK',0);
Insert into DATOS_USUARIO (IDUSUARIO,ESPECIALIDADES_IDESPECIALIDAD,ROL_IDROL,NOMBRE_USUARIO,NOMBRE_TIENDA,FECHA_NACIMIENTO,CORREO,CONTRASENA,TELEFONO) values (34,3,2,'prueba','Nombre de tu tienda',to_date('14/05/24','DD/MM/RR'),'prueba27.2@gmail.com','$2y$10$0tvCNIvZDDmsNrjDTy8lhO8Wu2QSMmW2UjJ7W8VQUirQqribqIg2a',8441234567);
REM INSERTING into DETALLE_PEDIDO
SET DEFINE OFF;
Insert into DETALLE_PEDIDO (PEDIDO_IDPEDIDO,DATOS_PRODUCTO_IDPRODUCTO,CANTIDAD,IMPORTE) values (13,5,1,100);
Insert into DETALLE_PEDIDO (PEDIDO_IDPEDIDO,DATOS_PRODUCTO_IDPRODUCTO,CANTIDAD,IMPORTE) values (1,2,3,96);
Insert into DETALLE_PEDIDO (PEDIDO_IDPEDIDO,DATOS_PRODUCTO_IDPRODUCTO,CANTIDAD,IMPORTE) values (1,1,1,20);
Insert into DETALLE_PEDIDO (PEDIDO_IDPEDIDO,DATOS_PRODUCTO_IDPRODUCTO,CANTIDAD,IMPORTE) values (3,10,1,30);
Insert into DETALLE_PEDIDO (PEDIDO_IDPEDIDO,DATOS_PRODUCTO_IDPRODUCTO,CANTIDAD,IMPORTE) values (3,7,200,4000);
Insert into DETALLE_PEDIDO (PEDIDO_IDPEDIDO,DATOS_PRODUCTO_IDPRODUCTO,CANTIDAD,IMPORTE) values (13,10,2,60);
Insert into DETALLE_PEDIDO (PEDIDO_IDPEDIDO,DATOS_PRODUCTO_IDPRODUCTO,CANTIDAD,IMPORTE) values (5,10,2,60);
Insert into DETALLE_PEDIDO (PEDIDO_IDPEDIDO,DATOS_PRODUCTO_IDPRODUCTO,CANTIDAD,IMPORTE) values (5,2,15,480);
Insert into DETALLE_PEDIDO (PEDIDO_IDPEDIDO,DATOS_PRODUCTO_IDPRODUCTO,CANTIDAD,IMPORTE) values (6,10,1,30);
Insert into DETALLE_PEDIDO (PEDIDO_IDPEDIDO,DATOS_PRODUCTO_IDPRODUCTO,CANTIDAD,IMPORTE) values (6,2,15,480);
Insert into DETALLE_PEDIDO (PEDIDO_IDPEDIDO,DATOS_PRODUCTO_IDPRODUCTO,CANTIDAD,IMPORTE) values (7,10,2,60);
Insert into DETALLE_PEDIDO (PEDIDO_IDPEDIDO,DATOS_PRODUCTO_IDPRODUCTO,CANTIDAD,IMPORTE) values (7,5,2,200);
Insert into DETALLE_PEDIDO (PEDIDO_IDPEDIDO,DATOS_PRODUCTO_IDPRODUCTO,CANTIDAD,IMPORTE) values (8,1,1,20);
Insert into DETALLE_PEDIDO (PEDIDO_IDPEDIDO,DATOS_PRODUCTO_IDPRODUCTO,CANTIDAD,IMPORTE) values (9,1,3,60);
Insert into DETALLE_PEDIDO (PEDIDO_IDPEDIDO,DATOS_PRODUCTO_IDPRODUCTO,CANTIDAD,IMPORTE) values (13,3,2,60);
Insert into DETALLE_PEDIDO (PEDIDO_IDPEDIDO,DATOS_PRODUCTO_IDPRODUCTO,CANTIDAD,IMPORTE) values (14,10,1,30);
Insert into DETALLE_PEDIDO (PEDIDO_IDPEDIDO,DATOS_PRODUCTO_IDPRODUCTO,CANTIDAD,IMPORTE) values (15,7,2,40);
Insert into DETALLE_PEDIDO (PEDIDO_IDPEDIDO,DATOS_PRODUCTO_IDPRODUCTO,CANTIDAD,IMPORTE) values (15,3,1,30);
REM INSERTING into ESPECIALIDADES
SET DEFINE OFF;
Insert into ESPECIALIDADES (IDESPECIALIDAD,NOMBREESPECIALIDAD) values (1,'SISTEMAS COMPUTACIONALES');
Insert into ESPECIALIDADES (IDESPECIALIDAD,NOMBREESPECIALIDAD) values (3,'GESTION EMPRESARIAL');
Insert into ESPECIALIDADES (IDESPECIALIDAD,NOMBREESPECIALIDAD) values (2,'MECATRONICA');
REM INSERTING into IMAGEN
SET DEFINE OFF;
Insert into IMAGEN (ID) values (1);
Insert into IMAGEN (ID) values (2);
Insert into IMAGEN (ID) values (null);
Insert into IMAGEN (ID) values (null);
Insert into IMAGEN (ID) values (null);
Insert into IMAGEN (ID) values (null);
REM INSERTING into PEDIDO
SET DEFINE OFF;
Insert into PEDIDO (IDPEDIDO,IDUSUARIOVENDEDOR,IDUSUARIOCLIENTE,FECHA,TOTALPRECIO,ESTADO,TOTALPRODUCTOS) values (1,5,20,to_date('14/05/24','DD/MM/RR'),116,1,4);
Insert into PEDIDO (IDPEDIDO,IDUSUARIOVENDEDOR,IDUSUARIOCLIENTE,FECHA,TOTALPRECIO,ESTADO,TOTALPRODUCTOS) values (11,5,20,to_date('24/05/24','DD/MM/RR'),90,1,3);
Insert into PEDIDO (IDPEDIDO,IDUSUARIOVENDEDOR,IDUSUARIOCLIENTE,FECHA,TOTALPRECIO,ESTADO,TOTALPRODUCTOS) values (3,5,20,to_date('14/05/24','DD/MM/RR'),4030,1,201);
Insert into PEDIDO (IDPEDIDO,IDUSUARIOVENDEDOR,IDUSUARIOCLIENTE,FECHA,TOTALPRECIO,ESTADO,TOTALPRODUCTOS) values (12,5,20,to_date('24/05/24','DD/MM/RR'),34,0,2);
Insert into PEDIDO (IDPEDIDO,IDUSUARIOVENDEDOR,IDUSUARIOCLIENTE,FECHA,TOTALPRECIO,ESTADO,TOTALPRODUCTOS) values (5,5,20,to_date('21/05/24','DD/MM/RR'),540,1,17);
Insert into PEDIDO (IDPEDIDO,IDUSUARIOVENDEDOR,IDUSUARIOCLIENTE,FECHA,TOTALPRECIO,ESTADO,TOTALPRODUCTOS) values (6,5,20,to_date('21/05/24','DD/MM/RR'),510,1,16);
Insert into PEDIDO (IDPEDIDO,IDUSUARIOVENDEDOR,IDUSUARIOCLIENTE,FECHA,TOTALPRECIO,ESTADO,TOTALPRODUCTOS) values (7,5,20,to_date('23/05/24','DD/MM/RR'),260,0,4);
Insert into PEDIDO (IDPEDIDO,IDUSUARIOVENDEDOR,IDUSUARIOCLIENTE,FECHA,TOTALPRECIO,ESTADO,TOTALPRODUCTOS) values (8,5,20,to_date('23/05/24','DD/MM/RR'),20,0,1);
Insert into PEDIDO (IDPEDIDO,IDUSUARIOVENDEDOR,IDUSUARIOCLIENTE,FECHA,TOTALPRECIO,ESTADO,TOTALPRODUCTOS) values (9,5,20,to_date('23/05/24','DD/MM/RR'),60,0,3);
Insert into PEDIDO (IDPEDIDO,IDUSUARIOVENDEDOR,IDUSUARIOCLIENTE,FECHA,TOTALPRECIO,ESTADO,TOTALPRODUCTOS) values (13,5,20,to_date('28/05/24','DD/MM/RR'),220,0,5);
Insert into PEDIDO (IDPEDIDO,IDUSUARIOVENDEDOR,IDUSUARIOCLIENTE,FECHA,TOTALPRECIO,ESTADO,TOTALPRODUCTOS) values (14,5,20,to_date('29/05/24','DD/MM/RR'),30,1,1);
Insert into PEDIDO (IDPEDIDO,IDUSUARIOVENDEDOR,IDUSUARIOCLIENTE,FECHA,TOTALPRECIO,ESTADO,TOTALPRODUCTOS) values (15,5,25,to_date('29/05/24','DD/MM/RR'),70,1,3);
REM INSERTING into PRODUCTS_IMG
SET DEFINE OFF;
Insert into PRODUCTS_IMG (ID,RUTA_PRODUCTO) values (5,'D:/8tavo/INGENIERIA DE SOFTWARE/ITSHOP DB/ImagenesProductos/Componentes Electronicos para Arduino.jpg');
Insert into PRODUCTS_IMG (ID,RUTA_PRODUCTO) values (3,'D:/8tavo/INGENIERIA DE SOFTWARE/ITSHOP DB/ImagenesProductos/brownies.png');
Insert into PRODUCTS_IMG (ID,RUTA_PRODUCTO) values (4,'D:/8tavo/INGENIERIA DE SOFTWARE/ITSHOP DB/ImagenesProductos/trapeadora.webp');
Insert into PRODUCTS_IMG (ID,RUTA_PRODUCTO) values (10,'D:/8tavo/INGENIERIA DE SOFTWARE/ITSHOP DB/ImagenesProductos/pastel.jpeg');
Insert into PRODUCTS_IMG (ID,RUTA_PRODUCTO) values (7,'D:/8tavo/INGENIERIA DE SOFTWARE/ITSHOP DB/ImagenesProductos/paletas.jpg');
Insert into PRODUCTS_IMG (ID,RUTA_PRODUCTO) values (1,'D:\8tavo\INGENIERIA DE SOFTWARE\ITSHOP DB\ImagenesProductos\galletas.jpeg');
Insert into PRODUCTS_IMG (ID,RUTA_PRODUCTO) values (2,'D:/8tavo/INGENIERIA DE SOFTWARE/ITSHOP DB/ImagenesProductos/llaves.jpeg');
Insert into PRODUCTS_IMG (ID,RUTA_PRODUCTO) values (11,'D:/8tavo/INGENIERIA DE SOFTWARE/ITSHOP DB/ImagenesProductos/donas.webp');
Insert into PRODUCTS_IMG (ID,RUTA_PRODUCTO) values (12,'D:/8tavo/INGENIERIA DE SOFTWARE/ITSHOP DB/ImagenesProductos/7501011167445_01.webp');
Insert into PRODUCTS_IMG (ID,RUTA_PRODUCTO) values (14,'D:/8tavo/INGENIERIA DE SOFTWARE/ITSHOP DB/ImagenesProductos/7501011167445_01.webp');
Insert into PRODUCTS_IMG (ID,RUTA_PRODUCTO) values (15,'D:/8tavo/INGENIERIA DE SOFTWARE/ITSHOP DB/ImagenesProductos/donas.jpg');
REM INSERTING into ROL
SET DEFINE OFF;
Insert into ROL (IDROL,NOMBREROL,ESTADO) values (1,'cliente','1');
Insert into ROL (IDROL,NOMBREROL,ESTADO) values (2,'vendedor','1');
Insert into ROL (IDROL,NOMBREROL,ESTADO) values (3,'ADMIN','1');
REM INSERTING into SURTIDO
SET DEFINE OFF;
Insert into SURTIDO (IDSURTIDO,DATOS_USUARIO_IDUSUARIO,FECHA) values (3,5,to_date('12/05/24','DD/MM/RR'));
Insert into SURTIDO (IDSURTIDO,DATOS_USUARIO_IDUSUARIO,FECHA) values (1,5,to_date('13/05/24','DD/MM/RR'));
Insert into SURTIDO (IDSURTIDO,DATOS_USUARIO_IDUSUARIO,FECHA) values (2,5,to_date('12/05/24','DD/MM/RR'));
Insert into SURTIDO (IDSURTIDO,DATOS_USUARIO_IDUSUARIO,FECHA) values (4,5,to_date('12/05/24','DD/MM/RR'));
Insert into SURTIDO (IDSURTIDO,DATOS_USUARIO_IDUSUARIO,FECHA) values (5,5,to_date('12/05/24','DD/MM/RR'));
Insert into SURTIDO (IDSURTIDO,DATOS_USUARIO_IDUSUARIO,FECHA) values (6,5,to_date('12/05/24','DD/MM/RR'));
Insert into SURTIDO (IDSURTIDO,DATOS_USUARIO_IDUSUARIO,FECHA) values (7,5,to_date('12/05/24','DD/MM/RR'));
Insert into SURTIDO (IDSURTIDO,DATOS_USUARIO_IDUSUARIO,FECHA) values (32,5,to_date('24/05/24','DD/MM/RR'));
Insert into SURTIDO (IDSURTIDO,DATOS_USUARIO_IDUSUARIO,FECHA) values (9,5,to_date('14/05/24','DD/MM/RR'));
Insert into SURTIDO (IDSURTIDO,DATOS_USUARIO_IDUSUARIO,FECHA) values (10,5,to_date('14/05/24','DD/MM/RR'));
Insert into SURTIDO (IDSURTIDO,DATOS_USUARIO_IDUSUARIO,FECHA) values (11,5,to_date('14/05/24','DD/MM/RR'));
Insert into SURTIDO (IDSURTIDO,DATOS_USUARIO_IDUSUARIO,FECHA) values (12,5,to_date('14/05/24','DD/MM/RR'));
Insert into SURTIDO (IDSURTIDO,DATOS_USUARIO_IDUSUARIO,FECHA) values (21,5,to_date('21/05/24','DD/MM/RR'));
Insert into SURTIDO (IDSURTIDO,DATOS_USUARIO_IDUSUARIO,FECHA) values (22,5,to_date('21/05/24','DD/MM/RR'));
Insert into SURTIDO (IDSURTIDO,DATOS_USUARIO_IDUSUARIO,FECHA) values (23,5,to_date('21/05/24','DD/MM/RR'));
Insert into SURTIDO (IDSURTIDO,DATOS_USUARIO_IDUSUARIO,FECHA) values (24,5,to_date('23/05/24','DD/MM/RR'));
Insert into SURTIDO (IDSURTIDO,DATOS_USUARIO_IDUSUARIO,FECHA) values (25,5,to_date('23/05/24','DD/MM/RR'));
Insert into SURTIDO (IDSURTIDO,DATOS_USUARIO_IDUSUARIO,FECHA) values (26,5,to_date('23/05/24','DD/MM/RR'));
Insert into SURTIDO (IDSURTIDO,DATOS_USUARIO_IDUSUARIO,FECHA) values (27,5,to_date('23/05/24','DD/MM/RR'));
Insert into SURTIDO (IDSURTIDO,DATOS_USUARIO_IDUSUARIO,FECHA) values (28,5,to_date('23/05/24','DD/MM/RR'));
Insert into SURTIDO (IDSURTIDO,DATOS_USUARIO_IDUSUARIO,FECHA) values (29,5,to_date('23/05/24','DD/MM/RR'));
Insert into SURTIDO (IDSURTIDO,DATOS_USUARIO_IDUSUARIO,FECHA) values (30,5,to_date('23/05/24','DD/MM/RR'));
Insert into SURTIDO (IDSURTIDO,DATOS_USUARIO_IDUSUARIO,FECHA) values (31,31,to_date('24/05/24','DD/MM/RR'));
Insert into SURTIDO (IDSURTIDO,DATOS_USUARIO_IDUSUARIO,FECHA) values (33,5,to_date('28/05/24','DD/MM/RR'));
Insert into SURTIDO (IDSURTIDO,DATOS_USUARIO_IDUSUARIO,FECHA) values (34,5,to_date('28/05/24','DD/MM/RR'));
REM INSERTING into USUARIOS_IMG
SET DEFINE OFF;
Insert into USUARIOS_IMG (ID,RUTA_USUARIO) values (17,'D:/8tavo/INGENIERIA DE SOFTWARE/ITSHOP DB/ImagenesPrueba/gato.jpeg');
Insert into USUARIOS_IMG (ID,RUTA_USUARIO) values (2,'D:\8tavo\INGENIERIA DE SOFTWARE\ITSHOP DB\ImagenesPrueba\gato.jpeg');
Insert into USUARIOS_IMG (ID,RUTA_USUARIO) values (12,'D:/8tavo/INGENIERIA DE SOFTWARE/ITSHOP DB/ImagenesPrueba/flor.jpg');
Insert into USUARIOS_IMG (ID,RUTA_USUARIO) values (19,'D:/8tavo/INGENIERIA DE SOFTWARE/ITSHOP DB/ImagenesPrueba/images.png');
Insert into USUARIOS_IMG (ID,RUTA_USUARIO) values (5,'D:/8tavo/INGENIERIA DE SOFTWARE/ITSHOP DB/ImagenesPrueba/images.png');
Insert into USUARIOS_IMG (ID,RUTA_USUARIO) values (20,'D:/8tavo/INGENIERIA DE SOFTWARE/ITSHOP DB/ImagenesPrueba/USUARIO.png');
Insert into USUARIOS_IMG (ID,RUTA_USUARIO) values (21,'D:/8tavo/INGENIERIA DE SOFTWARE/ITSHOP DB/ImagenesPrueba/USUARIO.png');
Insert into USUARIOS_IMG (ID,RUTA_USUARIO) values (22,'D:/8tavo/INGENIERIA DE SOFTWARE/ITSHOP DB/ImagenesPrueba/juegos.jpg');
Insert into USUARIOS_IMG (ID,RUTA_USUARIO) values (23,'D:/8tavo/INGENIERIA DE SOFTWARE/ITSHOP DB/ImagenesPrueba/bob-esponja-al-rescate.webp');
Insert into USUARIOS_IMG (ID,RUTA_USUARIO) values (24,'D:/8tavo/INGENIERIA DE SOFTWARE/ITSHOP DB/ImagenesPrueba/donas.jpg');
Insert into USUARIOS_IMG (ID,RUTA_USUARIO) values (25,'D:/8tavo/INGENIERIA DE SOFTWARE/ITSHOP DB/ImagenesPrueba/trapeadora.webp');
Insert into USUARIOS_IMG (ID,RUTA_USUARIO) values (26,'D:/8tavo/INGENIERIA DE SOFTWARE/ITSHOP DB/ImagenesPrueba/trapeadora.webp');
Insert into USUARIOS_IMG (ID,RUTA_USUARIO) values (27,'D:/8tavo/INGENIERIA DE SOFTWARE/ITSHOP DB/ImagenesPrueba/brownies.png');
Insert into USUARIOS_IMG (ID,RUTA_USUARIO) values (28,'D:/8tavo/INGENIERIA DE SOFTWARE/ITSHOP DB/ImagenesPrueba/bob-esponja-al-rescate.webp');
Insert into USUARIOS_IMG (ID,RUTA_USUARIO) values (29,'D:/8tavo/INGENIERIA DE SOFTWARE/ITSHOP DB/ImagenesPrueba/juegos.jpg');
Insert into USUARIOS_IMG (ID,RUTA_USUARIO) values (30,'D:/8tavo/INGENIERIA DE SOFTWARE/ITSHOP DB/ImagenesPrueba/juegos.jpg');
Insert into USUARIOS_IMG (ID,RUTA_USUARIO) values (32,'D:/8tavo/INGENIERIA DE SOFTWARE/ITSHOP DB/ImagenesPrueba/trapeadora.webp');
Insert into USUARIOS_IMG (ID,RUTA_USUARIO) values (31,'D:/8tavo/INGENIERIA DE SOFTWARE/ITSHOP DB/ImagenesPrueba/trapeadora.webp');
Insert into USUARIOS_IMG (ID,RUTA_USUARIO) values (33,'D:/8tavo/INGENIERIA DE SOFTWARE/ITSHOP DB/ImagenesPrueba/7501011167445_01.webp');
Insert into USUARIOS_IMG (ID,RUTA_USUARIO) values (34,'D:/8tavo/INGENIERIA DE SOFTWARE/ITSHOP DB/ImagenesPrueba/pastel.jpeg');


-- Index for ROL table
CREATE UNIQUE INDEX "SYS_C008324" ON "ROL" ("IDROL") 
PCTFREE 10 INITRANS 2 MAXTRANS 255 COMPUTE STATISTICS 
STORAGE(INITIAL 65536 NEXT 1048576 MINEXTENTS 1 MAXEXTENTS 2147483645
PCTINCREASE 0 FREELISTS 1 FREELIST GROUPS 1 BUFFER_POOL DEFAULT FLASH_CACHE DEFAULT CELL_FLASH_CACHE DEFAULT)
TABLESPACE "SYSTEM";

-- Index for ESPECIALIDADES table
CREATE UNIQUE INDEX "SYS_C008326" ON "ESPECIALIDADES" ("IDESPECIALIDAD") 
PCTFREE 10 INITRANS 2 MAXTRANS 255 COMPUTE STATISTICS 
STORAGE(INITIAL 65536 NEXT 1048576 MINEXTENTS 1 MAXEXTENTS 2147483645
PCTINCREASE 0 FREELISTS 1 FREELIST GROUPS 1 BUFFER_POOL DEFAULT FLASH_CACHE DEFAULT CELL_FLASH_CACHE DEFAULT)
TABLESPACE "SYSTEM";

-- Index for CATEGORIAS table
CREATE UNIQUE INDEX "SYS_C008328" ON "CATEGORIAS" ("IDCATEGORIAS") 
PCTFREE 10 INITRANS 2 MAXTRANS 255 COMPUTE STATISTICS 
STORAGE(INITIAL 65536 NEXT 1048576 MINEXTENTS 1 MAXEXTENTS 2147483645
PCTINCREASE 0 FREELISTS 1 FREELIST GROUPS 1 BUFFER_POOL DEFAULT FLASH_CACHE DEFAULT CELL_FLASH_CACHE DEFAULT)
TABLESPACE "SYSTEM";

-- Index for DATOS_USUARIO table
CREATE UNIQUE INDEX "SYS_C008332" ON "DATOS_USUARIO" ("IDUSUARIO") 
PCTFREE 10 INITRANS 2 MAXTRANS 255 COMPUTE STATISTICS 
STORAGE(INITIAL 65536 NEXT 1048576 MINEXTENTS 1 MAXEXTENTS 2147483645
PCTINCREASE 0 FREELISTS 1 FREELIST GROUPS 1 BUFFER_POOL DEFAULT FLASH_CACHE DEFAULT CELL_FLASH_CACHE DEFAULT)
TABLESPACE "SYSTEM";

-- Index for PEDIDO table
CREATE UNIQUE INDEX "SYS_C008338" ON "PEDIDO" ("IDPEDIDO") 
PCTFREE 10 INITRANS 2 MAXTRANS 255 COMPUTE STATISTICS 
STORAGE(INITIAL 65536 NEXT 1048576 MINEXTENTS 1 MAXEXTENTS 2147483645
PCTINCREASE 0 FREELISTS 1 FREELIST GROUPS 1 BUFFER_POOL DEFAULT FLASH_CACHE DEFAULT CELL_FLASH_CACHE DEFAULT)
TABLESPACE "SYSTEM";

-- Index for SURTIDO table
CREATE UNIQUE INDEX "SYS_C008343" ON "SURTIDO" ("IDSURTIDO") 
PCTFREE 10 INITRANS 2 MAXTRANS 255 COMPUTE STATISTICS 
STORAGE(INITIAL 65536 NEXT 1048576 MINEXTENTS 1 MAXEXTENTS 2147483645
PCTINCREASE 0 FREELISTS 1 FREELIST GROUPS 1 BUFFER_POOL DEFAULT FLASH_CACHE DEFAULT CELL_FLASH_CACHE DEFAULT)
TABLESPACE "SYSTEM";

-- Index for DATOS_PRODUCTO table
CREATE UNIQUE INDEX "SYS_C008357" ON "DATOS_PRODUCTO" ("IDPRODUCTO") 
PCTFREE 10 INITRANS 2 MAXTRANS 255 COMPUTE STATISTICS 
STORAGE(INITIAL 65536 NEXT 1048576 MINEXTENTS 1 MAXEXTENTS 2147483645
PCTINCREASE 0 FREELISTS 1 FREELIST GROUPS 1 BUFFER_POOL DEFAULT FLASH_CACHE DEFAULT CELL_FLASH_CACHE DEFAULT)
TABLESPACE "SYSTEM";

-- Index for DATOS_PRODUCTO_HAS_SURTIDO table
CREATE UNIQUE INDEX "SYS_C008362" ON "DATOS_PRODUCTO_HAS_SURTIDO" ("DATOS_PRODUCTO_IDPRODUCTO", "SURTIDO_IDSURTIDO") 
PCTFREE 10 INITRANS 2 MAXTRANS 255 COMPUTE STATISTICS 
STORAGE(INITIAL 65536 NEXT 1048576 MINEXTENTS 1 MAXEXTENTS 2147483645
PCTINCREASE 0 FREELISTS 1 FREELIST GROUPS 1 BUFFER_POOL DEFAULT FLASH_CACHE DEFAULT CELL_FLASH_CACHE DEFAULT)
TABLESPACE "SYSTEM";

-- Index for COMENTARIO table
CREATE UNIQUE INDEX "SYS_C008369" ON "COMENTARIO" ("IDCOMENTARIO", "IDPRODUCTO") 
PCTFREE 10 INITRANS 2 MAXTRANS 255 COMPUTE STATISTICS 
STORAGE(INITIAL 65536 NEXT 1048576 MINEXTENTS 1 MAXEXTENTS 2147483645
PCTINCREASE 0 FREELISTS 1 FREELIST GROUPS 1 BUFFER_POOL DEFAULT FLASH_CACHE DEFAULT CELL_FLASH_CACHE DEFAULT)
TABLESPACE "SYSTEM";

-- Index for USUARIOS_IMG table
CREATE UNIQUE INDEX "SYS_C008599" ON "USUARIOS_IMG" ("ID") 
PCTFREE 10 INITRANS 2 MAXTRANS 255 COMPUTE STATISTICS 
STORAGE(INITIAL 65536 NEXT 1048576 MINEXTENTS 1 MAXEXTENTS 2147483645
PCTINCREASE 0 FREELISTS 1 FREELIST GROUPS 1 BUFFER_POOL DEFAULT FLASH_CACHE DEFAULT CELL_FLASH_CACHE DEFAULT)
TABLESPACE "SYSTEM";

-- Index for PRODUCTS_IMG table
CREATE UNIQUE INDEX "SYS_C008603" ON "PRODUCTS_IMG" ("ID") 
PCTFREE 10 INITRANS 2 MAXTRANS 255 COMPUTE STATISTICS 
STORAGE(INITIAL 65536 NEXT 1048576 MINEXTENTS 1 MAXEXTENTS 2147483645
PCTINCREASE 0 FREELISTS 1 FREELIST GROUPS 1 BUFFER_POOL DEFAULT FLASH_CACHE DEFAULT CELL_FLASH_CACHE DEFAULT)
TABLESPACE "SYSTEM";

set define off;

CREATE OR REPLACE PROCEDURE "OBTENER_DATOS_IMAGEN" (
    p_ruta_archivo IN VARCHAR2,
    p_datos_imagen OUT CLOB
)
AS
    v_archivo UTL_FILE.FILE_TYPE;
    v_buffer VARCHAR2(32767);
BEGIN
    -- Abrir el archivo en modo de solo lectura
    v_archivo := UTL_FILE.FOPEN('OBJETOS_LOB', p_ruta_archivo, 'R');

    -- Leer el contenido del archivo y almacenarlo en el CLOB
    DBMS_LOB.CREATETEMPORARY(p_datos_imagen, TRUE);
    LOOP
        UTL_FILE.GET_LINE(v_archivo, v_buffer);
        DBMS_LOB.WRITEAPPEND(p_datos_imagen, LENGTH(v_buffer), v_buffer);
    END LOOP;

EXCEPTION
    WHEN NO_DATA_FOUND THEN
        -- Si no se encuentra ningún dato en el archivo, cerrar el archivo
        UTL_FILE.FCLOSE(v_archivo);
    WHEN UTL_FILE.INVALID_OPERATION THEN
        -- Si hay algún error al operar sobre el archivo, cerrar el archivo y propagar el error
        UTL_FILE.FCLOSE(v_archivo);
        RAISE;
END Obtener_Datos_Imagen;
/


ALTER TABLE "CARRITO" MODIFY ("ID_USUARIO" NOT NULL ENABLE);
ALTER TABLE "CARRITO" MODIFY ("CANTIDAD" NOT NULL ENABLE);
ALTER TABLE "CARRITO" MODIFY ("ID_PRODUCTO" NOT NULL ENABLE);

ALTER TABLE "CATEGORIAS" ADD PRIMARY KEY ("IDCATEGORIAS")
  USING INDEX PCTFREE 10 INITRANS 2 MAXTRANS 255 COMPUTE STATISTICS 
  STORAGE(INITIAL 65536 NEXT 1048576 MINEXTENTS 1 MAXEXTENTS 2147483645
  PCTINCREASE 0 FREELISTS 1 FREELIST GROUPS 1 BUFFER_POOL DEFAULT FLASH_CACHE DEFAULT CELL_FLASH_CACHE DEFAULT)
  TABLESPACE "SYSTEM"  ENABLE;
ALTER TABLE "CATEGORIAS" MODIFY ("IDCATEGORIAS" NOT NULL ENABLE);

ALTER TABLE "COMENTARIO" MODIFY ("IDUSUARIO" NOT NULL ENABLE);
ALTER TABLE "COMENTARIO" MODIFY ("IDPRODUCTO" NOT NULL ENABLE);
ALTER TABLE "COMENTARIO" MODIFY ("IDCOMENTARIO" NOT NULL ENABLE);
ALTER TABLE "COMENTARIO" ADD CONSTRAINT "SYS_C008369" PRIMARY KEY ("IDCOMENTARIO", "IDPRODUCTO")
  USING INDEX PCTFREE 10 INITRANS 2 MAXTRANS 255 COMPUTE STATISTICS 
  STORAGE(INITIAL 65536 NEXT 1048576 MINEXTENTS 1 MAXEXTENTS 2147483645
  PCTINCREASE 0 FREELISTS 1 FREELIST GROUPS 1 BUFFER_POOL DEFAULT FLASH_CACHE DEFAULT CELL_FLASH_CACHE DEFAULT)
  TABLESPACE "SYSTEM"  ENABLE;

ALTER TABLE "DATOS_PRODUCTO" ADD PRIMARY KEY ("IDPRODUCTO")
  USING INDEX PCTFREE 10 INITRANS 2 MAXTRANS 255 COMPUTE STATISTICS 
  STORAGE(INITIAL 65536 NEXT 1048576 MINEXTENTS 1 MAXEXTENTS 2147483645
  PCTINCREASE 0 FREELISTS 1 FREELIST GROUPS 1 BUFFER_POOL DEFAULT FLASH_CACHE DEFAULT CELL_FLASH_CACHE DEFAULT)
  TABLESPACE "SYSTEM"  ENABLE;
ALTER TABLE "DATOS_PRODUCTO" MODIFY ("STOCK" NOT NULL ENABLE);
ALTER TABLE "DATOS_PRODUCTO" MODIFY ("CATEGORIAS_IDCATEGORIAS" NOT NULL ENABLE);
ALTER TABLE "DATOS_PRODUCTO" MODIFY ("DATOS_USUARIO_IDUSUARIO" NOT NULL ENABLE);
ALTER TABLE "DATOS_PRODUCTO" MODIFY ("IDPRODUCTO" NOT NULL ENABLE);

ALTER TABLE "DATOS_PRODUCTO_HAS_SURTIDO" ADD PRIMARY KEY ("DATOS_PRODUCTO_IDPRODUCTO", "SURTIDO_IDSURTIDO")
  USING INDEX PCTFREE 10 INITRANS 2 MAXTRANS 255 COMPUTE STATISTICS 
  STORAGE(INITIAL 65536 NEXT 1048576 MINEXTENTS 1 MAXEXTENTS 2147483645
  PCTINCREASE 0 FREELISTS 1 FREELIST GROUPS 1 BUFFER_POOL DEFAULT FLASH_CACHE DEFAULT CELL_FLASH_CACHE DEFAULT)
  TABLESPACE "SYSTEM"  ENABLE;
ALTER TABLE "DATOS_PRODUCTO_HAS_SURTIDO" MODIFY ("SURTIDO_IDSURTIDO" NOT NULL ENABLE);
ALTER TABLE "DATOS_PRODUCTO_HAS_SURTIDO" MODIFY ("DATOS_PRODUCTO_IDPRODUCTO" NOT NULL ENABLE);

ALTER TABLE "DATOS_USUARIO" MODIFY ("CONTRASENA" NOT NULL ENABLE);
ALTER TABLE "DATOS_USUARIO" ADD PRIMARY KEY ("IDUSUARIO")
  USING INDEX PCTFREE 10 INITRANS 2 MAXTRANS 255 COMPUTE STATISTICS 
  STORAGE(INITIAL 65536 NEXT 1048576 MINEXTENTS 1 MAXEXTENTS 2147483645
  PCTINCREASE 0 FREELISTS 1 FREELIST GROUPS 1 BUFFER_POOL DEFAULT FLASH_CACHE DEFAULT CELL_FLASH_CACHE DEFAULT)
  TABLESPACE "SYSTEM"  ENABLE;
ALTER TABLE "DATOS_USUARIO" MODIFY ("ROL_IDROL" NOT NULL ENABLE);
ALTER TABLE "DATOS_USUARIO" MODIFY ("NOMBRE_USUARIO" NOT NULL ENABLE);
ALTER TABLE "DATOS_USUARIO" MODIFY ("IDUSUARIO" NOT NULL ENABLE);


ALTER TABLE "DETALLE_PEDIDO" MODIFY ("DATOS_PRODUCTO_IDPRODUCTO" NOT NULL ENABLE);
ALTER TABLE "DETALLE_PEDIDO" MODIFY ("PEDIDO_IDPEDIDO" NOT NULL ENABLE);


ALTER TABLE "ESPECIALIDADES" ADD PRIMARY KEY ("IDESPECIALIDAD")
  USING INDEX PCTFREE 10 INITRANS 2 MAXTRANS 255 COMPUTE STATISTICS 
  STORAGE(INITIAL 65536 NEXT 1048576 MINEXTENTS 1 MAXEXTENTS 2147483645
  PCTINCREASE 0 FREELISTS 1 FREELIST GROUPS 1 BUFFER_POOL DEFAULT FLASH_CACHE DEFAULT CELL_FLASH_CACHE DEFAULT)
  TABLESPACE "SYSTEM"  ENABLE;
ALTER TABLE "ESPECIALIDADES" MODIFY ("IDESPECIALIDAD" NOT NULL ENABLE);

ALTER TABLE "PEDIDO" MODIFY ("IDUSUARIOVENDEDOR" NOT NULL ENABLE);
ALTER TABLE "PEDIDO" ADD PRIMARY KEY ("IDPEDIDO")
  USING INDEX PCTFREE 10 INITRANS 2 MAXTRANS 255 COMPUTE STATISTICS 
  STORAGE(INITIAL 65536 NEXT 1048576 MINEXTENTS 1 MAXEXTENTS 2147483645
  PCTINCREASE 0 FREELISTS 1 FREELIST GROUPS 1 BUFFER_POOL DEFAULT FLASH_CACHE DEFAULT CELL_FLASH_CACHE DEFAULT)
  TABLESPACE "SYSTEM"  ENABLE;
ALTER TABLE "PEDIDO" MODIFY ("IDUSUARIOCLIENTE" NOT NULL ENABLE);
ALTER TABLE "PEDIDO" MODIFY ("IDPEDIDO" NOT NULL ENABLE);

ALTER TABLE "PRODUCTS_IMG" ADD PRIMARY KEY ("ID")
  USING INDEX PCTFREE 10 INITRANS 2 MAXTRANS 255 COMPUTE STATISTICS 
  STORAGE(INITIAL 65536 NEXT 1048576 MINEXTENTS 1 MAXEXTENTS 2147483645
  PCTINCREASE 0 FREELISTS 1 FREELIST GROUPS 1 BUFFER_POOL DEFAULT FLASH_CACHE DEFAULT CELL_FLASH_CACHE DEFAULT)
  TABLESPACE "SYSTEM"  ENABLE;

ALTER TABLE "ROL" ADD PRIMARY KEY ("IDROL")
  USING INDEX PCTFREE 10 INITRANS 2 MAXTRANS 255 COMPUTE STATISTICS 
  STORAGE(INITIAL 65536 NEXT 1048576 MINEXTENTS 1 MAXEXTENTS 2147483645
  PCTINCREASE 0 FREELISTS 1 FREELIST GROUPS 1 BUFFER_POOL DEFAULT FLASH_CACHE DEFAULT CELL_FLASH_CACHE DEFAULT)
  TABLESPACE "SYSTEM"  ENABLE;
ALTER TABLE "ROL" MODIFY ("IDROL" NOT NULL ENABLE);

ALTER TABLE "SURTIDO" ADD PRIMARY KEY ("IDSURTIDO")
  USING INDEX PCTFREE 10 INITRANS 2 MAXTRANS 255 COMPUTE STATISTICS 
  STORAGE(INITIAL 65536 NEXT 1048576 MINEXTENTS 1 MAXEXTENTS 2147483645
  PCTINCREASE 0 FREELISTS 1 FREELIST GROUPS 1 BUFFER_POOL DEFAULT FLASH_CACHE DEFAULT CELL_FLASH_CACHE DEFAULT)
  TABLESPACE "SYSTEM"  ENABLE;
ALTER TABLE "SURTIDO" MODIFY ("DATOS_USUARIO_IDUSUARIO" NOT NULL ENABLE);
ALTER TABLE "SURTIDO" MODIFY ("IDSURTIDO" NOT NULL ENABLE);


ALTER TABLE "USUARIOS_IMG" ADD PRIMARY KEY ("ID")
  USING INDEX PCTFREE 10 INITRANS 2 MAXTRANS 255 COMPUTE STATISTICS 
  STORAGE(INITIAL 65536 NEXT 1048576 MINEXTENTS 1 MAXEXTENTS 2147483645
  PCTINCREASE 0 FREELISTS 1 FREELIST GROUPS 1 BUFFER_POOL DEFAULT FLASH_CACHE DEFAULT CELL_FLASH_CACHE DEFAULT)
  TABLESPACE "SYSTEM"  ENABLE;


ALTER TABLE "CARRITO" ADD CONSTRAINT "CARRITO_FK1" FOREIGN KEY ("ID_USUARIO")
  REFERENCES "DATOS_USUARIO" ("IDUSUARIO") ENABLE;
ALTER TABLE "CARRITO" ADD CONSTRAINT "FK_CARRITOIDPRODUCTO" FOREIGN KEY ("ID_PRODUCTO")
  REFERENCES "DATOS_PRODUCTO" ("IDPRODUCTO") ENABLE;


ALTER TABLE "COMENTARIO" ADD CONSTRAINT "FK_IDPRODUCTOCOMENTARIO" FOREIGN KEY ("IDPRODUCTO")
  REFERENCES "DATOS_PRODUCTO" ("IDPRODUCTO") ENABLE;
ALTER TABLE "COMENTARIO" ADD CONSTRAINT "FK_IDUSUARIOCOMENTARIO" FOREIGN KEY ("IDUSUARIO")
  REFERENCES "DATOS_USUARIO" ("IDUSUARIO") ENABLE;

ALTER TABLE "DATOS_PRODUCTO" ADD CONSTRAINT "FK_IDCATEGORIASPRODUCTO" FOREIGN KEY ("CATEGORIAS_IDCATEGORIAS")
  REFERENCES "CATEGORIAS" ("IDCATEGORIAS") ENABLE;
ALTER TABLE "DATOS_PRODUCTO" ADD CONSTRAINT "FK_IDUSUARIOPRODUCTO" FOREIGN KEY ("DATOS_USUARIO_IDUSUARIO")
  REFERENCES "DATOS_USUARIO" ("IDUSUARIO") ENABLE;

ALTER TABLE "DATOS_PRODUCTO_HAS_SURTIDO" ADD CONSTRAINT "FK_IDPRODUCTOSURTIDO" FOREIGN KEY ("DATOS_PRODUCTO_IDPRODUCTO")
  REFERENCES "DATOS_PRODUCTO" ("IDPRODUCTO") ENABLE;
ALTER TABLE "DATOS_PRODUCTO_HAS_SURTIDO" ADD CONSTRAINT "FK_IDSURTIDO" FOREIGN KEY ("SURTIDO_IDSURTIDO")
  REFERENCES "SURTIDO" ("IDSURTIDO") ENABLE;


ALTER TABLE "DATOS_USUARIO" ADD CONSTRAINT "FK_IDESPECIALIDAD" FOREIGN KEY ("ESPECIALIDADES_IDESPECIALIDAD")
  REFERENCES "ESPECIALIDADES" ("IDESPECIALIDAD") ENABLE;
ALTER TABLE "DATOS_USUARIO" ADD CONSTRAINT "FK_IDROL" FOREIGN KEY ("ROL_IDROL")
  REFERENCES "ROL" ("IDROL") ENABLE;

ALTER TABLE "DETALLE_PEDIDO" ADD CONSTRAINT "FK_IDPEDIDODETALLE" FOREIGN KEY ("PEDIDO_IDPEDIDO")
  REFERENCES "PEDIDO" ("IDPEDIDO") ENABLE;
ALTER TABLE "DETALLE_PEDIDO" ADD CONSTRAINT "FK_IDPRODUCTODETALLE" FOREIGN KEY ("DATOS_PRODUCTO_IDPRODUCTO")
  REFERENCES "DATOS_PRODUCTO" ("IDPRODUCTO") ENABLE;

ALTER TABLE "PEDIDO" ADD CONSTRAINT "FK_IDUSUARIOCLIENTE" FOREIGN KEY ("IDUSUARIOCLIENTE")
  REFERENCES "DATOS_USUARIO" ("IDUSUARIO") ENABLE;
ALTER TABLE "PEDIDO" ADD CONSTRAINT "FK_IDUSUARIOVENDEDOR" FOREIGN KEY ("IDUSUARIOVENDEDOR")
  REFERENCES "DATOS_USUARIO" ("IDUSUARIO") ENABLE;

ALTER TABLE "PRODUCTS_IMG" ADD CONSTRAINT "PRODUCTOS_IMG_FK1" FOREIGN KEY ("ID")
  REFERENCES "DATOS_PRODUCTO" ("IDPRODUCTO") ENABLE;


ALTER TABLE "SURTIDO" ADD CONSTRAINT "FK_IDUSUARIO" FOREIGN KEY ("DATOS_USUARIO_IDUSUARIO")
  REFERENCES "DATOS_USUARIO" ("IDUSUARIO") ENABLE;

ALTER TABLE "USUARIOS_IMG" ADD CONSTRAINT "USUARIOS_IMG_FK1" FOREIGN KEY ("ID")
  REFERENCES "DATOS_USUARIO" ("IDUSUARIO") ENABLE;





